track_id,track_name,artists,track_genre,danceability,energy,key,loudness,mode,speechiness,acousticness,instrumentalness,liveness,valence,tempo,duration_ms,explicit,time_signature
0XEdWfsTNOs,Selvagem,"Filipe Ret, Prod.MTS, & Woozy","pop, synth-pop",0.728004,0.8647,4.0,-3.783234,-0.0,0.075723,0.249443,0.059209,0.1988,0.450225,127.137919,60000.003767,0.0,4.0
1ijq-_5eFVo,Burguesinha (Ao Vivo),Seu Jorge,samba,0.550263,0.838402,9.0,-5.66948,1.0,0.113929,0.209074,-0.0,0.1988,0.851419,141.493387,60000.003767,0.0,4.0
2nR1zrNzgcY,FE!N,Travis Scott,dance,0.539183,0.8647,10.0,-2.054141,1.0,0.132655,0.050536,-0.0,0.1988,0.894979,149.93778,60000.003767,0.0,4.0
3DkGRv7Zho0,Ela É do Tipo,MC Kevin O Chris,baile funk,0.832837,0.593753,10.0,-8.182814,-0.0,0.109763,0.343654,-0.0,0.1988,0.347744,90.223855,60000.003767,0.0,4.0
3Hv15tWOGBc,morrer de viver,Carol Biazin,pop,0.602755,0.843021,1.0,-5.628373,1.0,0.136535,0.108275,-0.0,0.1988,0.875484,101.298076,60000.003767,0.0,4.0
-3Mqt7SZJGw,Meu Cupido É Gari (Ao Vivo),Marília Mendonça,sertanejo,0.602496,0.8647,6.0,-4.972671,-0.0,0.097762,0.246025,-0.0,0.1988,0.450994,159.437723,60000.003767,0.0,4.0
5fQuNus24aU,That's My Way,Edi Rock & Bagua Records,"pop animado, dance-pop",0.715143,0.8647,10.0,-3.177666,1.0,0.071948,0.265829,0.074307,0.1988,0.846538,81.293031,60000.003767,0.0,4.0
-5GI38vWew8,Taste,Sabrina Carpenter,pop,0.545181,0.8647,10.0,-4.762105,-0.0,0.140004,0.046211,-0.0,0.1988,0.495952,110.285847,60000.003767,0.0,4.0
5IHj9A7t_xI,Taiobeiras (folha grande),Marina Sena,pop,0.513798,0.773372,2.0,-6.269858,-0.0,0.056691,0.423029,0.135335,0.1988,0.38377,84.071512,60000.003767,0.0,4.0
5VdtCNXPd3k,Feio É Elogio,"Sid, Aline Mc, Chiocki, & Rodrigo Chiocki Nascimento","pop, synth-pop",0.878046,0.794796,1.0,-6.06744,-0.0,0.155642,0.069637,-0.0,0.1988,0.469711,127.137919,60000.003767,0.0,4.0
62yox0F5lcA,Please Please Please,Sabrina Carpenter,pop,0.593605,0.8647,9.0,-5.317163,-0.0,0.082143,0.259121,0.033528,0.1988,0.448048,105.604715,60000.003767,0.0,4.0
7nVctvQVz0U,The Fate of Ophelia,Taylor Swift,pop,0.582847,0.8647,0.0,-5.365303,-0.0,0.087596,0.242546,0.011717,0.1988,0.451777,120.985575,60000.003767,0.0,4.0
7QdxYR7Xcn4,Mágico,Marina Sena,pop,0.725692,0.8647,2.0,-5.207648,1.0,0.070399,0.293073,0.080505,0.1988,0.840409,127.137919,60000.003767,0.0,4.0
9-QsLBtiLss,Pain,PinkPantheress,pop,0.663821,0.615781,11.0,-7.924266,1.0,0.087622,0.200363,0.01161,0.1988,0.786593,120.985575,60000.003767,0.0,4.0
9YFR8pOPoDk,Gostar Só Dela - Na Maloca Dragão,Selvagens à Procura de Lei,rock,0.494105,0.75049,8.0,-6.491383,-0.0,0.066647,0.359736,0.095513,0.1988,0.391147,133.937877,60000.003767,0.0,4.0
AHRXpJmqdCw,Carrossel em Câmera Lenta,Selvagens à Procura de Lei,rock,0.498574,0.807661,11.0,-5.948129,-0.0,0.086418,0.383777,0.016427,0.1988,0.402888,127.137919,60000.003767,0.0,4.0
ai3CrAvoabQ,Promessas e Previsões,Ana Frango Elétrico,mpb,0.551439,0.595678,7.0,-8.159908,-0.0,0.067449,0.418374,0.092304,0.1988,0.33151,120.985575,60000.003767,0.0,4.0
aYdRRUs85w8,Boy's a liar Pt. 2,PinkPantheress & Ice Spice,pop,0.687405,0.8647,5.0,-5.074932,1.0,0.066292,0.314007,0.096934,0.1988,0.835698,133.937877,60000.003767,0.0,4.0
B-EckzBRxks,VEJA BABY,Lagum,pop,0.65249,0.791358,11.0,-6.09961,-0.0,0.082504,0.25897,0.032084,0.1988,0.426079,97.322714,60000.003767,0.0,4.0
BwGZKIx5FN8,Amiga da Minha Mulher,Seu Jorge,mpb,0.704197,0.796227,9.0,-6.054095,-0.0,0.090114,0.303392,0.001646,0.1988,0.417545,101.298076,60000.003767,0.0,4.0
bWSn9jL1g7I,Burguesinha,Seu Jorge,samba,0.616763,0.849268,9.0,-5.573081,1.0,0.10437,0.183488,-0.0,0.1988,0.860436,133.937877,60000.003767,0.0,4.0
bxgs0ezFkZY,Amor Traumatizado,Carol Biazin,forro,0.628415,0.8647,11.0,-2.91895,1.0,0.026904,0.44343,0.254483,0.1988,0.806578,87.041608,60000.003767,0.0,4.0
C7cQ7H8pLHY,Tipo Gin (Ao Vivo),MC Kevin o Chris,baile funk,0.685913,0.8647,5.0,-3.349673,-0.0,0.064685,0.28965,0.103358,0.1988,0.441179,127.137919,60000.003767,0.0,4.0
Cmm9coKobBM,Nobody's Son,Sabrina Carpenter,pop,0.521035,0.8647,9.0,-5.041417,-0.0,0.125937,0.111632,-0.0,0.1988,0.481233,84.071512,60000.003767,0.0,4.0
CVRay3gdTv4,Mulher Homem Bicho,Ana Frango Elétrico,dance,0.576983,0.42153,11.0,-10.523543,-0.0,0.088423,0.259167,0.008408,0.1988,0.315086,141.493387,60000.003767,0.0,4.0
DigOpTJEMWk,Outro Alguém,Lagum,pop,0.490917,0.469656,4.0,-9.803527,-0.0,0.062748,0.357716,0.111108,0.1988,0.307351,120.985575,60000.003767,0.0,4.0
DntZ3-yCaFs,Manchild,Sabrina Carpenter,pop,0.590327,0.821677,7.0,-5.819971,-0.0,0.119149,0.169323,-0.0,0.1988,0.455345,120.985575,60000.003767,0.0,4.0
E2lX1ZovtcA,Give Me Everything,"Pitbull, Afrojack, & Ne-Yo",pop,0.604322,0.8647,3.0,-4.174859,-0.0,0.147684,0.070374,-0.0,0.1988,0.490516,127.137919,60000.003767,0.0,4.0
eG8L5C5ZTdg,Aquecimento Senta Senta Suave,MC Kevin o Chris & BUARQUE,pop,0.739688,0.812998,0.0,-5.8991,-0.0,0.114662,0.254788,-0.0,0.1988,0.433512,133.937877,60000.003767,0.0,4.0
eW6RsSBANDQ,BACARDI,Carol Biazin,pop,0.691273,0.8647,0.0,-4.067165,-0.0,0.05473,0.250055,0.143179,0.1988,0.450088,149.93778,60000.003767,0.0,4.0
FjOhnPD_RXo,Tears,Sabrina Carpenter,pop,0.585147,0.8647,9.0,-4.695604,1.0,0.13833,0.053161,-0.0,0.1988,0.894389,110.285847,60000.003767,0.0,4.0
gHb6AEwNFBU,Trance,"Metro Boomin, Travis Scott, & Young Thug",hip-hop,0.657264,0.8647,8.0,-2.770533,1.0,0.031646,0.390667,0.235515,0.1988,0.81845,115.392535,60000.003767,0.0,4.0
gM_gmPpyhIo,Coisa Maluca,Ana Frango Elétrico,indie-pop,0.691666,0.401067,2.0,-10.848754,-0.0,0.08584,0.145097,0.018742,0.1988,0.334613,120.985575,60000.003767,0.0,4.0
Gp-V1PqVQXs,Your Love Is My Drug,Kesha,pop,0.704942,0.777596,10.0,-6.229574,1.0,0.170722,0.012142,-0.0,0.1988,0.877487,115.392535,60000.003767,0.0,4.0
gwxxMkZwgzU,Enquanto Eu Passar Na Sua Rua,Selvagens à Procura de Lei,rock,0.509614,0.809549,8.0,-5.930756,-0.0,0.088972,0.313439,0.006214,0.1988,0.419281,101.298076,60000.003767,0.0,4.0
H0aITA8gAd8,Numa Ilha,Marina Sena,pop,0.715054,0.8647,6.0,-4.542985,-0.0,0.024933,0.503799,0.262366,0.1988,0.392995,127.137919,60000.003767,0.0,4.0
hvyWTSZgsdU,assumo os riscos,Carol Biazin,pop,0.543645,0.808151,0.0,-5.943616,-0.0,0.083847,0.256001,0.026713,0.1988,0.431785,133.937877,60000.003767,0.0,4.0
iHsObIWkM-s,Stateside + Zara Larsson,PinkPantheress,pop,0.646762,0.8647,10.0,-2.984313,1.0,0.075988,0.247227,0.058149,0.1988,0.850724,120.985575,60000.003767,0.0,4.0
J-jLcLdM87o,São Gonça (Ao Vivo),Seu Jorge,mpb,0.539314,0.443263,9.0,-10.190991,-0.0,0.111019,0.215379,-0.0,0.1988,0.331459,149.93778,60000.003767,0.0,4.0
Jk5gEu7mKKU,Despedida,Selvagens à Procura de Lei,rock,0.482993,0.763744,8.0,-6.362378,-0.0,0.086159,0.361185,0.017465,0.1988,0.394797,105.604715,60000.003767,0.0,4.0
JpfS2Lv2xRA,Evoluiu,Mc Kevin O Chris & Sodré,house,0.810656,0.8647,0.0,-4.455302,-0.0,0.091152,0.257788,-0.0,0.1988,0.448348,141.493387,60000.003767,0.0,4.0
kEOndjrnRac,Baby míssil,Sophia Chablau e Uma Enorme Perda de Tempo,indie,0.5223,0.467835,1.0,-9.829711,1.0,0.116694,0.173459,-0.0,0.1988,0.748262,133.937877,60000.003767,0.0,4.0
kIft-LUHHVA,Espresso,Sabrina Carpenter,pop,0.60143,0.8647,2.0,-4.182743,-0.0,0.114587,0.049331,-0.0,0.1988,0.495251,101.298076,60000.003767,0.0,4.0
KI_wav-Nm3s,BACKSTAGE,"Matuê, BNYX®, Azul Wynter, & Bryan Yepes","house, techno",0.85631,0.8647,4.0,-1.375463,1.0,0.044385,0.253689,0.18456,0.1988,0.84927,149.93778,60000.003767,0.0,4.0
KPe9MU-bOf8,Por Supuesto,Marina Sena,pop,0.67719,0.840341,9.0,-5.652202,-0.0,0.072487,0.391588,0.072152,0.1988,0.410935,115.392535,60000.003767,0.0,4.0
-KrC-gqKTMg,Nonsense,Sabrina Carpenter,pop,0.6593,0.8647,0.0,-5.287062,-0.0,0.111591,0.133592,-0.0,0.1988,0.476292,133.937877,60000.003767,0.0,4.0
krFs7-xlBKk,Na Calada da Tarde,Lagum,rock,0.69964,0.77077,0.0,-6.294761,-0.0,0.066083,0.32023,0.097768,0.1988,0.406119,149.93778,60000.003767,0.0,4.0
L_G3n3wQTTU,Cinema brasileiro,Sophia Chablau & Felipe Vaqueiro,pop/rock,0.476625,0.8647,4.0,-4.908707,1.0,0.06793,0.367329,0.090382,0.1988,0.823701,101.298076,60000.003767,0.0,4.0
LQuYpXsxrt4,Seu Namorado (Ao Vivo),Calcinha Preta,forro,0.549731,0.586815,3.0,-8.265869,-0.0,0.110925,0.203201,-0.0,0.1988,0.377264,170.204324,60000.003767,0.0,4.0
LUjG8xMMq_Q,Folgado (Ao Vivo),Marília Mendonça,sertanejo,0.611892,0.779381,8.0,-6.21261,-0.0,0.099927,0.26882,-0.0,0.1988,0.42027,159.437723,60000.003767,0.0,4.0
LwCPa29DO5w,TE AMO SEM CULPA,Carol Biazin,pop,0.633374,0.8647,8.0,-4.346721,-0.0,0.050079,0.307126,0.161783,0.1988,0.437247,127.137919,60000.003767,0.0,4.0
md9kE3COdMw,Tive Razão (Ao Vivo),Seu Jorge,mpb,0.52912,0.606178,7.0,-8.036039,-0.0,0.060421,0.404538,0.120415,0.1988,0.337772,101.298076,60000.003767,0.0,4.0
MeJcrPKUpgk,Seu e Só,Lagum,pop,0.667979,0.8647,2.0,-5.121056,-0.0,0.100468,0.224835,-0.0,0.1988,0.455762,141.493387,60000.003767,0.0,4.0
_mHr2n6E7DE,VAMPIRO DE MADUREIRA,Mc Carol & MC Gorila,"hard-rock, rock alternativo",0.940441,0.8647,5.0,-5.026543,1.0,0.099326,0.070165,-0.0,0.1988,0.890563,127.137919,60000.003767,0.0,4.0
mHTO2Xu3dlg,Busy Woman,Sabrina Carpenter,pop,0.559096,0.8647,11.0,-4.788558,-0.0,0.100081,0.187467,-0.0,0.1988,0.46417,115.392535,60000.003767,0.0,4.0
Moce6dVp_yM,Insista em Mim,Ana Frango Elétrico,indie-pop,0.55577,0.434179,11.0,-10.328444,-0.0,0.085933,0.28175,0.01837,0.1988,0.3138,133.937877,60000.003767,0.0,4.0
MRzPDH24a1M,Stateside,PinkPantheress,pop,0.645635,0.8647,5.0,-5.384599,1.0,0.139508,0.008874,-0.0,0.1988,0.904353,120.985575,60000.003767,0.0,4.0
n2FT7WrJf24,Ela É do Tipo (Ao Vivo),"MC Kevin o Chris, KOC, & Eu Sou o Rio",funk,0.612452,0.825268,6.0,-5.787436,-0.0,0.143841,0.200326,-0.0,0.1988,0.449447,90.223855,60000.003767,0.0,4.0
nIbD3qHpOR8,Doçura,Marina Sena & Çantamarta,pop,0.795107,0.8647,1.0,-5.111554,-0.0,0.057155,0.334239,0.133482,0.1988,0.431146,182.509011,60000.003767,0.0,4.0
NIzmrafKAdQ,Just for Me,PinkPantheress,pop,0.761405,0.678028,7.0,-7.232682,-0.0,0.06442,0.295728,0.10442,0.1988,0.38381,64.194709,60000.003767,0.0,4.0
OdpjMB63Ft8,Girl Like Me,PinkPantheress,dance,0.622468,0.8647,8.0,-3.029719,1.0,0.143664,0.022339,-0.0,0.1988,0.901324,90.223855,60000.003767,0.0,4.0
OJiW620PszE,Alma de Guerreiro (Ao Vivo),Seu Jorge,música tropical,0.634235,0.645167,7.0,-7.590907,-0.0,0.082074,0.293754,0.033806,0.1988,0.374395,105.604715,60000.003767,0.0,4.0
oY4qJhouY6I,MULHER (By BERSHKA Music),Carol Biazin,pop,0.519286,0.8647,5.0,-4.533361,-0.0,0.08309,0.253334,0.029739,0.1988,0.44935,90.223855,60000.003767,0.0,4.0
pO7uNBMKzs8,Códigos,Carol Biazin,pop,0.598414,0.8647,11.0,-4.381707,-0.0,0.076089,0.270753,0.057743,0.1988,0.445431,105.604715,60000.003767,0.0,4.0
Q8Fan4ZfX3Q,Camelo Azul,Ana Frango Elétrico,indie-pop,0.398275,0.230027,0.0,-14.184365,-0.0,0.08189,0.274907,0.03454,0.1988,0.254094,110.285847,60000.003767,0.0,4.0
qoKWKlilsAQ,As coisas que não te ensinam na faculdade de filosofia,Sophia Chablau e Uma Enorme Perda de Tempo,indie,0.512817,0.416441,0.0,-10.603293,-0.0,0.059013,0.44618,0.126049,0.1988,0.271482,101.298076,60000.003767,0.0,4.0
QTXH3ba7gPY,Depois do Fim,Lagum,pop,0.634935,0.580691,5.0,-8.339845,-0.0,0.055052,0.347366,0.14189,0.1988,0.34299,120.985575,60000.003767,0.0,4.0
rRS0SqIKIgQ,Zap Zum,Pabllo Vittar,pop,0.608973,0.8647,10.0,-3.446769,-0.0,0.097369,0.124881,-0.0,0.1988,0.478252,110.285847,60000.003767,0.0,4.0
rt_z10mb_k0,House Tour,Sabrina Carpenter,pop,0.596881,0.8647,1.0,-5.041219,1.0,0.142592,0.073566,-0.0,0.1988,0.889798,115.392535,60000.003767,0.0,4.0
RuEvLv_S4YA,Meu Sol,Vanguart,brazil,0.458936,0.644905,7.0,-7.59383,-0.0,0.132344,0.111547,-0.0,0.1988,0.415313,182.509011,60000.003767,0.0,4.0
RUkaASaC2Mo,Ela É do Tipo (Jon Jon o Baile Remix),Mc Kevin O Chris & Jonathan Costa,baile funk,0.760704,0.761453,10.0,-6.384546,-0.0,0.19812,0.024904,-0.0,0.1988,0.469772,149.93778,60000.003767,0.0,4.0
sa5syG2500U,real valor,"Carol Biazin, Marina Sena, & Vulgo FK",pop,0.647035,0.8647,6.0,-4.275797,-0.0,0.084395,0.180554,0.024519,0.1988,0.465725,115.392535,60000.003767,0.0,4.0
sbcePEb-Kc8,Tá OK,DENNIS & MC Kevin o Chris,pop,0.862959,0.8647,4.0,-3.07956,1.0,0.057374,0.321595,0.132603,0.1988,0.833991,127.137919,60000.003767,0.0,4.0
sGgMHiRiklo,Midnight Sun,Zara Larsson,pop,0.679699,0.8647,11.0,-4.599801,-0.0,0.142681,0.065906,-0.0,0.1988,0.491521,149.93778,60000.003767,0.0,4.0
Shs6D7T3Q1g,Última Saudade (Ao Vivo),Henrique & Juliano,sertanejo,0.534913,0.8647,6.0,-4.077573,-0.0,0.0704,0.344748,0.080502,0.1988,0.428782,101.298076,60000.003767,0.0,4.0
TMYrvEMZr_U,Tonight,PinkPantheress,pop,0.687527,0.8647,3.0,-3.900255,1.0,0.089421,0.141055,0.004416,0.1988,0.874613,141.493387,60000.003767,0.0,4.0
trxGvTDR8NY,A Cidade,Lagum,rock,0.511599,0.777944,8.0,-6.226258,-0.0,0.085016,0.290576,0.022035,0.1988,0.414944,101.298076,60000.003767,0.0,4.0
TUx5IfCc9tA,Boy's a Liar,PinkPantheress,pop,0.660149,0.8647,5.0,-4.917929,1.0,0.06617,0.297782,0.097419,0.1988,0.839349,133.937877,60000.003767,0.0,4.0
U0d0xpjCjWo,I Will Find,Vintage Culture & Rooftime,dance,0.702119,0.8647,6.0,-5.306362,-0.0,0.038849,0.408923,0.206702,0.1988,0.414342,120.985575,60000.003767,0.0,4.0
u2FepiQ99aA,Coisas Naturais,Marina Sena,pop,0.684457,0.8647,6.0,-2.81742,-0.0,0.013905,0.547841,0.306479,0.1988,0.383086,87.041608,60000.003767,0.0,4.0
UeftS5JL9Nk,Deixa - Ao Vivo,Lagum,pop,0.496922,0.801688,11.0,-6.003316,-0.0,0.099686,0.295433,-0.0,0.1988,0.420974,87.041608,60000.003767,0.0,4.0
uN_qDyNhU7o,When Did You Get Hot?,Sabrina Carpenter,pop,0.649874,0.8647,7.0,-5.259937,-0.0,0.13052,0.069664,-0.0,0.1988,0.490676,87.041608,60000.003767,0.0,4.0
UUNF1HM4EsE,Bed Chem,Sabrina Carpenter,pop,0.653969,0.8647,9.0,-5.192058,-0.0,0.1211,0.0,-0.0,0.1988,0.507594,93.641826,60000.003767,0.0,4.0
uWWMtgPwtOg,Mina do Condomínio,Seu Jorge,samba,0.682038,0.8647,6.0,-4.489987,-0.0,0.092965,0.191355,-0.0,0.1988,0.463295,93.641826,60000.003767,0.0,4.0
V9EUmduEtwU,Lua Cheia,Marina Sena,pop,0.707211,0.8647,7.0,-5.378377,-0.0,0.046783,0.332752,0.174969,0.1988,0.431481,127.137919,60000.003767,0.0,4.0
VGGL8v0Ixww,Roxo,Ana Frango Elétrico,indie-pop,0.634718,0.633621,8.0,-7.720363,-0.0,0.051992,0.441182,0.154131,0.1988,0.33776,141.493387,60000.003767,0.0,4.0
VgQWuyMgLhc,Tudo Pra Amar Você,Marina Sena,pop,0.659424,0.8647,8.0,-5.3329,-0.0,0.091327,0.334995,-0.0,0.1988,0.430976,182.509011,60000.003767,0.0,4.0
vHiWtpSSkuU,Dela,Ana Frango Elétrico & JOCA,"alternativa, indie",0.686644,0.380259,8.0,-11.192437,-0.0,0.084506,0.182642,0.024076,0.1988,0.319923,115.392535,60000.003767,0.0,4.0
vkX6yFVFRYY,Where Are Ü Now (with Justin Bieber),Jack Ü & Skrillex,dance,0.631313,0.8647,9.0,-4.465858,-0.0,0.075748,0.14121,0.059109,0.1988,0.474578,141.493387,60000.003767,0.0,4.0
wlF2COLkZLQ,Xereca de Mel,MC Mari & Shevchenko e Elloco,"alternativa, indie",0.803162,0.244656,7.0,-13.843337,-0.0,0.182118,0.036997,-0.0,0.1988,0.312012,127.137919,60000.003767,0.0,4.0
WVSVCz_mhUw,EITA MENINA,"Lagum, L7NNON, & Mart'nália",pop,0.814776,0.627381,1.0,-7.791142,1.0,0.083899,0.268367,0.026506,0.1988,0.774772,149.93778,60000.003767,0.0,4.0
-WwvwxdHtyY,Pilantra,"DENNIS, MC Kevin o Chris, & Henry Freitas",baile funk,0.764131,0.8647,1.0,-2.472432,-0.0,0.064714,0.256352,0.103242,0.1988,0.448671,127.137919,60000.003767,0.0,4.0
x4icFSdXa9o,Ouro de Tolo,Marina Sena,pop,0.633298,0.609962,1.0,-7.991822,-0.0,0.043057,0.450694,0.189873,0.1988,0.328522,127.137919,60000.003767,0.0,4.0
-XES9-nyk9I,Saí para ver o mar,Marina Sena & Rachel Reis,pop,0.692207,0.8647,1.0,-5.190518,-0.0,0.030554,0.458464,0.239883,0.1988,0.403196,110.285847,60000.003767,0.0,4.0
XhhelUK6kz4,Papin,MC Kevin o Chris & MC CAJA,funk,0.832578,0.8647,0.0,-5.272449,-0.0,0.095823,0.240561,-0.0,0.1988,0.452224,133.937877,60000.003767,0.0,4.0
xn5JkQJmQEA,Maria I'm Drunk,Travis Scott,rap,0.616182,0.8647,11.0,-4.759316,-0.0,0.084508,0.252044,0.024067,0.1988,0.44964,105.604715,60000.003767,0.0,4.0
xNeJI1YNeh0,Dr. Sabe Tudo,Ana Frango Elétrico,indie-pop,0.623209,0.473155,7.0,-9.753432,1.0,0.094686,0.146114,-0.0,0.1988,0.756011,120.985575,60000.003767,0.0,4.0
xPjq75pbewI,Close to you,PinkPantheress,pop,0.695653,0.849521,3.0,-5.570849,-0.0,0.030564,0.45036,0.239845,0.1988,0.400465,133.937877,60000.003767,0.0,4.0
XQJOQcpsrTw,Felicidade,Seu Jorge,música tropical,0.567528,0.769303,4.0,-6.308843,-0.0,0.087415,0.256819,0.01244,0.1988,0.419947,110.285847,60000.003767,0.0,4.0
Xtrmd2ZO1oY,BH,Carol Biazin,pop,0.634052,0.8647,10.0,-4.17421,1.0,0.060466,0.297962,0.120238,0.1988,0.839309,93.641826,60000.003767,0.0,4.0
XuKq7zT_0nM,Illegal,PinkPantheress,pop,0.545786,0.8647,0.0,-4.368676,1.0,0.08261,0.181565,0.031659,0.1988,0.865498,67.776114,60000.003767,0.0,4.0
y1Z5hww2e4E,Dr. Renato Aragão,Juia,indie,0.460387,0.8647,2.0,-3.220437,1.0,0.120466,0.251965,-0.0,0.1988,0.849658,149.93778,60000.003767,0.0,4.0
yU-uq9B6yns,Vai Piranha Se Envolve,MC Kevin o Chris & DJ Feijão do Anaia,"house, techno",0.769448,0.8647,1.0,-4.271129,1.0,0.118836,0.131315,-0.0,0.1988,0.876804,127.137919,60000.003767,0.0,4.0
ZBRuPESPiog,Raindrops (Insane),Metro Boomin & Travis Scott,hip-hop,0.628512,0.8647,2.0,-1.724308,1.0,0.027613,0.333657,0.251649,0.1988,0.831277,110.285847,60000.003767,0.0,4.0
zPoCkH0meLQ,Desmitificar,Marina Sena,pop,0.662816,0.80083,9.0,-6.011279,-0.0,0.0526,0.344912,0.1517,0.1988,0.409584,87.041608,60000.003767,0.0,4.0
zTdDQ7v_Lb8,When I’m Home,"James Blake, Travis Scott, & Ludwig Göransson",indie,0.424033,0.8647,0.0,-3.532728,1.0,0.0,0.541634,0.3922,0.1988,0.784482,159.437723,60000.003767,0.0,4.0
zTmgXA6vIgQ,BAGUNÇA,Carol Biazin,pop,0.597664,0.770184,0.0,-6.300389,-0.0,0.112975,0.030649,-0.0,0.1988,0.471099,110.285847,60000.003767,0.0,4.0
d6oEc7n3ASo,Maresia,João Gomes,forro,0.727179,0.8647,2.0,-4.120387,-0.0,0.100024,0.229677,-0.0,0.1988,0.454673,141.493387,60000.003767,0.0,4.0
gA1nKo3q3t4,Ainda Bem,Marisa Monte,mpb,0.55195,0.600504,2.0,-8.102758,-0.0,0.026597,0.554356,0.255712,0.1988,0.302361,120.985575,60000.003767,0.0,4.0
U9-7g39loe0,Segredo,Sophia Chablau e Uma Enorme Perda de Tempo,"alternativa, indie",0.539742,0.500664,5.0,-9.369355,1.0,0.141462,0.144057,-0.0,0.1988,0.764726,76.241258,60000.003767,0.0,4.0
zpzoG5KGaHg,Tempo Perdido,Legiao Urbana,rock,0.516855,0.25789,4.0,-13.545945,-0.0,0.12793,0.085057,-0.0,0.1988,0.305169,90.223855,60000.003767,0.0,4.0
